District number,District name,Liberal,Conservative,Green Party,NDP-New Democratic Party,People's Party,Bloc Québécois,Independent,Other votes,Winner_shorthand,Total votes
35072,Oakville,30265,25561,3704,4928,798,0,0,149,Liberal,65405
35066,Niagara Centre,20292,17987,3054,15469,776,0,0,385,Liberal,57963
35099,Simcoe--Grey,23925,32812,8589,8462,1416,0,0,305,PC,75509
24037,LaSalle--Émard--Verdun,22803,3690,3583,8628,490,12619,274,310,Liberal,52397
24023,Compton--Stanstead,21731,8446,3044,5607,586,18571,0,255,Liberal,58240
35106,Thunder Bay--Superior North,18502,11036,3639,9126,734,0,0,140,Liberal,43177
35112,Waterloo,31085,15615,6184,9710,1112,0,0,2,Liberal,63708
59037,North Island--Powell River,8251,20502,8891,23834,1102,0,287,48,NDP,62915
59023,Port Moody--Coquitlam,15695,16855,3873,16702,821,0,0,58,PC,54004
59022,Pitt Meadows--Maple Ridge,16125,19650,4332,12958,698,0,468,1,PC,54232
59036,Vancouver Granville,14088,11605,2683,6960,431,0,17265,1,Independent,53033
35113,Wellington--Halton Hills,19777,33044,8851,6499,1509,0,0,1,PC,69681
35107,Timmins--James Bay,9443,9907,1257,14885,1248,0,0,0,NDP,36740
24022,Chicoutimi--Le Fjord,7504,16155,1388,2855,359,15321,0,308,PC,43890
24036,Lac-Saint-Louis,34622,9083,4176,7263,805,3169,0,409,Liberal,59527
35098,Scarborough Southwest,28965,10502,2477,7865,590,0,0,236,Liberal,50635
35067,Niagara Falls,22690,24751,3404,12566,968,0,4997,358,PC,69734
35073,Oakville North--Burlington,33597,26484,2925,5866,751,0,0,1,Liberal,69624
35059,Mississauga East--Cooksville,27923,17664,1578,4643,637,0,0,178,Liberal,52623
35065,Newmarket--Aurora,26488,23252,3551,6576,588,0,0,1005,Liberal,61460
35071,Northumberland--Peterborough South,24977,27385,5524,9615,1460,0,0,0,PC,68961
24020,Beauport-Côte-de-Beaupré-Île d'Orléans-Charlevoix,10608,15044,1355,2841,1045,18407,0,1335,Bloc,50635
24034,La Prairie,22504,5540,2565,4744,393,25707,0,102,Bloc,61555
35111,Vaughan--Woodbridge,25810,18289,1302,3910,852,0,165,0,Liberal,50328
24008,Beauport--Limoilou,13020,13185,2127,5599,1033,15149,0,79,Bloc,50192
35105,Thunder Bay--Rainy River,14498,12039,1829,11944,741,0,0,0,Liberal,41051
59020,North Okanagan--Shuswap,16783,36154,7828,11353,2027,0,0,0,PC,74145
59034,Vancouver Centre,23599,10782,7002,13280,724,0,180,380,Liberal,55947
59008,Coquitlam--Port Coquitlam,20178,19788,4025,13383,703,0,0,98,Liberal,58175
47008,Regina--Qu'Appelle,4543,24463,1282,7685,513,0,78,193,PC,38757
12009,South Shore--St. Margarets,21886,14744,6070,8361,667,0,541,249,Liberal,52518
12008,Sackville--Preston--Chezzetcook,19925,11211,5725,11860,816,0,0,0,Liberal,49537
47009,Regina--Wascana,15242,22418,1316,5801,450,0,128,0,PC,45355
59009,Courtenay--Alberni,8620,23936,9762,29790,0,0,0,172,NDP,72280
59035,Vancouver East,10085,6724,8062,29236,679,0,0,825,NDP,55611
59021,North Vancouver,26979,16908,7868,10340,835,0,0,0,Liberal,62930
35104,Thornhill,18946,29187,1600,3469,0,0,0,295,PC,53497
24009,Bécancour--Nicolet--Saurel,9332,8434,1697,2732,489,29653,0,6,Bloc,52343
35110,University--Rosedale,29652,9342,4861,12573,510,0,0,453,Liberal,57391
24035,Lac-Saint-Jean,13633,12544,1010,2753,448,23839,0,0,Bloc,54227
24021,Châteauguay--Lacolle,20118,5851,1929,4005,563,19479,0,462,Liberal,52407
35070,Nipissing--Timiskaming,19352,12984,3111,9784,2496,0,0,2,Liberal,47729
35064,Nepean,31933,23320,4379,9104,687,0,0,161,Liberal,69584
35058,Mississauga Centre,29974,15874,1646,5173,837,0,252,0,Liberal,53756
35060,Mississauga--Erin Mills,31181,19050,2147,5236,648,0,0,0,Liberal,58262
35074,Oshawa,15750,24087,3151,17668,1215,0,0,120,PC,61991
35048,Lambton--Kent--Middlesex,14814,28651,3463,9355,1804,0,0,325,PC,58412
24019,Charlesbourg--Haute-Saint-Charles,12584,22484,2042,4554,1379,16053,0,4,PC,59100
35114,Whitby,30182,24564,3735,9760,860,0,0,2,Liberal,69103
35100,Simcoe North,19310,27241,5882,8850,1154,0,0,342,PC,62779
24025,Drummond,9552,9083,1856,8716,525,24574,0,520,Bloc,54826
24031,Joliette,12995,5176,2343,2623,498,33590,0,474,Bloc,57699
59019,New Westminster--Burnaby,12414,11439,4378,23437,862,0,83,364,NDP,52977
59025,Richmond Centre,11052,19037,2376,5617,538,0,197,0,PC,38817
59031,Steveston--Richmond East,14731,17478,2972,6321,0,0,449,4,PC,41955
59030,South Surrey--White Rock,21692,24310,4458,6716,852,0,0,0,PC,58028
59024,Prince George--Peace River--Northern Rockies,6391,38473,3448,5069,1748,0,0,0,PC,55129
59018,Nanaimo--Ladysmith,9735,18634,24844,16985,1049,0,306,311,Green,71864
24030,Hull--Aylmer,29732,4979,3869,7467,638,8011,0,297,Liberal,54993
24024,Dorval--Lachine--LaSalle,27821,5543,2898,6207,528,8974,0,603,Liberal,52574
35101,Spadina--Fort York,33822,10680,3174,12188,672,0,114,3,Liberal,60653
35115,Willowdale,22282,16452,1671,4231,563,0,271,1,Liberal,45471
24018,Rimouski-Neigette--Témiscouata--Les Basques,10095,4073,824,13050,232,17314,0,182,Bloc,45770
35049,Lanark--Frontenac--Kingston,15441,30077,7011,8835,1117,0,0,1,PC,62482
35075,Ottawa Centre,38391,9920,5837,22916,720,0,242,876,Liberal,78902
35061,Mississauga--Lakeshore,29526,22740,2814,5103,717,0,0,101,Liberal,61001
35077,Ottawa South,34205,16025,3645,10457,717,0,228,102,Liberal,65379
35063,Mississauga--Streetsville,29618,19474,2688,6036,706,0,0,245,Liberal,58767
35088,Carleton,26518,32147,3423,6479,792,0,0,1,PC,69360
35103,Sudbury,19643,9864,3225,13885,873,0,205,282,Liberal,47977
35117,Windsor West,18878,9925,1325,20800,958,0,0,83,NDP,51969
24032,Jonquière,7849,10338,1009,12141,453,17577,0,6,Bloc,49373
24026,Gaspésie--Les Îles-de-la-Madeleine,16296,3022,1130,1722,198,15659,0,358,Liberal,38385
59032,Surrey Centre,15453,10505,2558,11353,709,0,243,501,Liberal,41322
59026,Esquimalt--Saanich--Sooke,12554,13409,18506,23887,1089,0,282,398,NDP,70125
59027,Saanich--Gulf Islands,11326,13784,33454,8657,929,0,0,0,Green,68150
59033,Surrey--Newton,18960,8824,1355,12306,653,0,0,2,Liberal,42100
24027,Gatineau,29084,5745,2264,6128,560,11926,0,76,Liberal,55783
24033,La Pointe-de-l'Île,16898,3984,1910,6057,388,26010,0,287,Bloc,55534
35116,Windsor--Tecumseh,19046,15851,2177,18417,1279,0,0,187,Liberal,56957
35102,Stormont--Dundas--South Glengarry,13767,28976,2126,7674,1168,0,0,1,PC,53712
35089,St. Catharines,24183,18978,3695,12431,826,0,0,0,Liberal,60113
35062,Mississauga--Malton,27890,12528,1251,6103,369,0,0,402,Liberal,48543
35076,Orléans,44183,22984,3829,9428,986,0,0,0,Liberal,81410
35039,Hastings--Lennox and Addington,19721,21968,3114,6984,1307,0,0,3,PC,53097
35011,Brampton South,24085,13828,1926,7985,354,0,0,509,Liberal,48687
35005,Barrie--Springwater--Oro-Medonte,16805,20981,7066,7972,969,0,0,1,PC,53794
46014,Winnipeg South Centre,22799,15051,3173,8965,569,0,0,104,Liberal,50661
48011,Calgary Shepard,8644,58614,2345,6828,1709,0,0,0,PC,78140
13001,Acadie--Bathurst,26547,10352,4277,6967,0,0,0,2,Liberal,48145
48005,Calgary Confederation,14908,36312,5700,7312,1136,0,0,524,PC,65892
24054,Outremont,19148,2707,5018,8319,369,5741,0,157,Liberal,41459
62001,Nunavut,2918,2469,206,3861,0,0,0,3,NDP,9457
24040,Laval--Les Îles,26031,8816,2306,4803,885,11120,0,2,Liberal,53963
24068,Saint-Laurent,23527,7005,2150,4065,484,2845,0,74,Liberal,40150
59040,Vancouver South,17808,14388,2451,8015,532,0,0,0,Liberal,43194
11004,Malpeque,9533,5908,6103,1495,0,0,0,2,Liberal,23041
59041,Victoria,15952,9038,21383,23765,920,0,111,384,NDP,71553
24069,Saint-Léonard--Saint-Michel,27866,5423,1183,2964,501,4351,3061,90,Liberal,45439
24041,Longueuil--Charles-LeMoyne,20114,3811,2978,5289,558,18794,0,5,Liberal,51549
24055,Papineau,25957,2155,3741,9748,322,8124,76,660,Liberal,50783
48004,Calgary Centre,17771,37306,2853,6516,907,0,138,374,PC,65865
48010,Calgary Rocky Ridge,13012,48253,2011,6051,1053,0,270,0,PC,70650
46001,Brandon--Souris,4972,26148,2984,5805,691,0,326,280,PC,41206
35004,Barrie--Innisfil,15879,23765,4716,8880,1013,0,0,0,PC,54253
35010,Brampton North,25970,13973,1516,8533,510,0,0,1,Liberal,50503
35038,Hamilton West--Ancaster--Dundas,30214,17340,4770,11527,894,0,0,156,Liberal,64901
35006,Bay of Quinte,24099,22650,3740,9851,1207,0,0,0,Liberal,61547
35012,Brampton West,28743,12824,1271,9855,505,0,0,491,Liberal,53689
46003,Churchill--Keewatinook Aski,5616,4714,1144,11919,294,0,0,3,NDP,23690
48006,Calgary Forest Lawn,8690,23805,1318,4227,1089,0,388,448,PC,39965
13002,Beauséjour,24948,9438,14305,3940,1054,0,0,3,Liberal,53688
48012,Calgary Signal Hill,9722,44421,2139,5355,1130,0,0,711,PC,63478
24043,Longueuil--Saint-Hubert,20471,3779,6745,5104,467,23061,217,4,Bloc,59848
24057,Pontiac,30217,10416,3762,6503,775,9929,0,245,Liberal,61847
59042,West Vancouver--Sunshine Coast--Sea to Sky Country,22673,17359,14579,9027,1010,0,159,173,Liberal,64980
24056,Pierrefonds--Dollard,31305,9797,2866,5687,711,4469,636,3,Liberal,55474
24042,Lévis--Lotbinière,10761,28297,1908,4355,2247,15921,0,4,PC,63493
48013,Calgary Skyview,14327,26533,800,7540,603,0,0,750,PC,50553
48007,Calgary Heritage,8057,40817,2027,5278,1123,0,228,187,PC,57717
13003,Fredericton,13544,15011,16640,2946,776,0,0,493,Green,49410
46002,Charleswood--St. James--Assiniboia--Headingley,16398,18815,2178,6556,1975,0,140,166,PC,46228
35013,Brantford--Brant,20454,26849,4257,13131,1320,0,261,395,PC,66667
35007,Beaches--East York,32647,8026,3378,12196,831,0,0,1,Liberal,57079
35003,Aurora--Oak Ridges--Richmond Hill,22508,23568,2154,3820,530,0,0,532,PC,53112
35017,Chatham-Kent--Leamington,16899,25359,2233,8229,1061,0,0,307,PC,54088
13007,Moncton--Riverview--Dieppe,22261,12200,9287,6164,1258,0,0,661,Liberal,51831
48003,Bow River,3173,46279,826,3086,1321,0,0,453,PC,55138
48017,Edmonton Mill Woods,17879,26736,968,6422,953,0,0,219,PC,53177
46012,Winnipeg North,15581,6820,906,8469,324,0,231,405,Liberal,32736
46006,Kildonan--St. Paul,12356,19856,1777,9387,510,0,108,305,PC,44299
24046,Manicouagan,7793,7771,1293,1482,283,21768,0,1,Bloc,40391
24052,Mount Royal,24590,10887,2389,3609,362,1757,0,86,Liberal,43680
11002,Charlottetown,8812,4040,4648,2238,0,0,0,174,Liberal,19912
11003,Egmont,8016,6934,3998,1230,0,0,0,0,Liberal,20178
24053,Notre-Dame-de-Grâce--Westmount,28323,5759,5397,7753,565,2359,98,67,Liberal,50321
24047,Mégantic--L'Érable,7388,23392,1258,1936,812,12249,217,260,PC,47512
46007,Portage--Lisgar,4779,31600,2356,3872,1169,0,0,861,PC,44637
46013,Winnipeg South,20182,18537,2073,6678,419,0,0,0,Liberal,47889
48016,Edmonton Manning,11692,30425,1255,9555,1109,0,0,344,PC,54380
13006,Miramichi--Grand Lake,12722,12352,3914,2875,1179,0,1556,8,Liberal,34606
48002,Battle River--Crowfoot,2557,53309,1689,3185,1620,0,0,1,PC,62361
35016,Cambridge,22903,17409,4343,11177,1872,0,0,241,Liberal,57945
35002,Algoma--Manitoulin--Kapuskasing,9879,10625,2192,16883,887,0,0,125,NDP,40591
35014,Bruce--Grey--Owen Sound,17485,26830,5114,6797,1614,0,0,321,PC,58161
60001,Yukon,7034,6881,2201,4617,284,0,0,0,Liberal,21017
35028,Etobicoke--Lakeshore,36061,19952,4141,8277,921,0,0,166,Liberal,69518
13010,Tobique--Mactaquac,9631,19229,5398,3007,936,0,0,0,PC,38201
48014,Edmonton Centre,17524,22006,1394,10959,805,0,119,285,PC,53092
13004,Fundy Royal,12433,22389,7275,4804,1249,0,295,205,PC,48650
48028,Peace River--Westlock,3148,41659,1377,3886,1579,0,0,1,PC,51650
46005,Elmwood--Transcona,5346,16240,1480,19786,512,0,0,0,NDP,43364
46011,Winnipeg Centre,10704,5561,1661,13073,474,0,0,253,NDP,31726
24051,Montmagny--L'Islet--Kamouraska--Rivière-du-Loup,8210,20989,1030,3481,417,16261,0,0,PC,50388
24045,Louis-Saint-Laurent,13571,29279,2155,4339,1543,14674,0,3,PC,65564
11001,Cardigan,10939,6439,3068,1481,0,0,0,240,Liberal,22167
24044,Louis-Hébert,25140,10912,2466,4884,1016,17375,267,5,Liberal,62065
24050,Montcalm,11200,4942,2416,3514,524,31791,0,419,Bloc,54806
24078,Vimy,26490,5951,2125,4779,733,15455,0,10,Liberal,55543
46010,Selkirk--Interlake--Eastman,6003,31109,2934,8873,683,0,0,2,PC,49604
46004,Dauphin--Swan River--Neepawa,5344,26103,2214,5724,711,0,0,470,PC,40566
48029,Red Deer--Mountain View,3795,54765,2026,4946,2637,0,0,0,PC,68169
48001,Banff--Airdrie,8425,55504,3315,8185,2651,0,0,1,PC,78081
13005,Madawaska--Restigouche,17331,9801,5125,2212,0,0,0,1,Liberal,34470
48015,Edmonton Griesbach,8100,24120,1189,11800,1074,0,216,466,PC,46965
35029,Etobicoke North,26388,9524,1080,4654,1196,0,0,106,Liberal,42948
35001,Ajax,35198,15864,2040,7033,588,0,297,3,Liberal,61023
35015,Burlington,34989,23930,4750,7372,944,0,0,0,Liberal,71985
35018,Davenport,23251,4921,2397,21812,496,0,165,140,Liberal,53182
35030,Flamborough--Glanbrook,22875,24527,3833,10322,982,0,0,0,PC,62539
35024,Eglinton--Lawrence,29850,18549,2278,4741,586,0,0,1,Liberal,56005
13008,New Brunswick Southwest,10110,19451,5352,3251,1214,0,0,200,PC,39578
48018,Edmonton Riverbend,14038,35126,1797,9332,855,0,0,0,PC,61148
48030,Red Deer--Lacombe,3540,53843,1596,6012,2453,0,0,0,PC,67444
48024,Grande Prairie--Mackenzie,2910,51198,1134,4245,1492,0,0,0,PC,60979
46009,Saint Boniface--Saint Vital,20300,15436,2671,8037,591,0,303,1,Liberal,47339
24075,Terrebonne,17944,4640,2277,4627,399,31029,159,264,Bloc,61339
24061,Richmond--Arthabaska,8868,26553,3133,2864,681,16539,0,0,PC,58638
24049,Montarville,21061,4138,2967,4984,501,25366,0,214,Bloc,59231
24048,Mirabel,16162,5940,3517,5219,641,33219,0,338,Bloc,65036
24060,Repentigny,18111,4878,2289,4470,524,34837,0,355,Bloc,65464
24074,Vaudreuil--Soulanges,32254,7804,3405,7368,711,16600,0,0,Liberal,68142
46008,Provencher,6347,31821,2884,6187,1066,0,0,4,PC,48309
48025,Lakeland,2565,48314,1105,3728,1468,0,0,398,PC,57578
48031,St. Albert--Edmonton,12477,39506,1594,9895,1268,0,0,351,PC,65091
48019,Edmonton Strathcona,6592,21035,1152,26823,941,0,0,203,NDP,56746
13009,Saint John--Rothesay,15443,14006,4165,5046,1260,0,1333,0,Liberal,41253
35025,Elgin--Middlesex--London,14324,31026,3562,11019,956,0,0,870,PC,61757
35031,Glengarry--Prescott--Russell,31293,23660,2113,6851,1174,0,239,464,Liberal,65794
35019,Don Valley East,25295,10115,1675,4647,562,0,0,2,Liberal,42296
35027,Etobicoke Centre,32800,21804,2775,4881,664,0,0,298,Liberal,63222
35033,Haldimand--Norfolk,14704,28018,4878,9192,1234,0,0,1900,PC,59926
48027,Medicine Hat--Cardston--Warner,3528,42045,1203,4639,1350,0,337,0,PC,53102
48033,Sturgeon River--Parkland,4696,53235,1745,6940,1625,0,0,416,PC,68657
24062,Rivière-des-Mille-Îles,21009,4684,3015,5002,845,23629,0,0,Bloc,58184
24076,Trois-Rivières,15774,15240,1492,10090,565,17240,137,3,Bloc,60541
24077,Ville-Marie--Le Sud-Ouest--Île-des-Soeurs,28087,4609,3718,8274,520,6899,117,298,Liberal,52522
24063,Rivière-du-Nord,13402,7120,3345,4194,407,31281,127,229,Bloc,60105
48032,Sherwood Park--Fort Saskatchewan,7357,53600,1592,8867,1334,0,0,300,PC,73050
48026,Lethbridge,8443,40713,1939,9110,1007,0,0,671,PC,61883
35032,Guelph,30497,14568,19236,9297,1087,0,219,665,Liberal,75569
35026,Essex,12987,28274,2173,23603,1251,0,0,0,PC,68288
35022,Dufferin--Caledon,22645,28852,7303,7981,1516,0,0,321,PC,68618
35036,Hamilton East--Stoney Creek,20112,13130,2902,14930,1072,0,0,1,Liberal,52147
48022,Foothills,3856,53872,2398,3767,1698,0,0,0,PC,65591
24067,Saint-Jean,18906,6612,3127,4794,397,27750,0,289,Bloc,61875
24073,Sherbrooke,17490,6362,2716,16881,0,15470,471,337,Liberal,59727
24072,Shefford,22605,7495,2814,3705,497,23503,0,299,Bloc,60918
24066,Saint-Hyacinthe--Bagot,11903,8062,2031,10297,478,23143,0,9,Bloc,55923
48023,Fort McMurray--Cold Lake,4848,40706,865,2883,1674,0,0,1,PC,50977
35037,Hamilton Mountain,16057,13443,3115,19135,760,0,0,439,NDP,52949
35023,Durham,23547,30752,3950,13323,1442,0,0,1,PC,73015
35035,Hamilton Centre,12651,6341,3370,20368,833,0,377,183,NDP,44123
35021,Don Valley West,29148,16304,2257,3804,444,0,0,282,Liberal,52239
35009,Brampton East,24050,12125,666,13368,244,0,211,94,Liberal,50758
48021,Edmonton--Wetaskiwin,10802,63346,1660,9820,1616,0,0,211,PC,87455
48009,Calgary Nose Hill,8703,38588,1554,5304,1089,0,0,72,PC,55310
24058,Portneuf--Jacques-Cartier,12876,28110,2308,3758,1915,15707,0,1,PC,64675
24070,Saint-Maurice--Champlain,23104,9542,1809,3071,938,19950,0,0,Liberal,58414
24064,Rosemont--La Petite-Patrie,14576,1405,3539,25575,293,14306,0,513,NDP,60207
24065,Marc-Aurèle-Fortin,24865,5423,2111,4741,465,18069,143,2,Liberal,55819
24071,Salaberry--Suroît,18682,6116,1997,5024,767,29975,0,344,Bloc,62905
24059,Québec,18047,8118,2949,6220,674,17722,0,480,Liberal,54210
48008,Calgary Midnapore,7507,50559,1992,6445,1585,0,0,4,PC,68092
48020,Edmonton West,11812,35719,1441,8537,1126,0,0,0,PC,58635
48034,Yellowhead,2912,45964,1272,3898,1592,0,0,332,PC,55970
35008,Brampton Centre,18771,10696,1685,7819,681,0,0,109,Liberal,39761
35020,Don Valley North,23495,16506,1803,4285,482,0,0,3,Liberal,46574
35034,Haliburton--Kawartha Lakes--Brock,17067,32257,5515,9676,1245,0,0,0,PC,65760
10006,St. John's East,14962,8141,821,21148,0,0,0,9,NDP,45081
35053,London West,30622,19910,3827,15220,1171,0,0,523,Liberal,71273
35047,Kitchener South--Hespeler,20986,17480,5671,6945,1005,0,0,150,Liberal,52237
35090,Toronto--St. Paul's,32494,12933,4042,9442,923,0,0,1,Liberal,59835
35084,Peterborough--Kawartha,27400,24357,4930,11872,890,0,180,172,Liberal,69801
24016,Brome--Missisquoi,23450,7697,3302,4887,456,21152,0,498,Liberal,61442
24002,Abitibi--Témiscamingue,12417,7537,1818,5093,487,22803,0,1,Bloc,50156
59016,Langley--Aldergrove,16254,29823,4881,10690,1305,0,0,501,PC,63454
59002,Burnaby North--Seymour,17770,9734,4801,16185,1079,0,271,220,Liberal,50060
12003,Cumberland--Colchester,16672,16219,6015,5451,608,0,232,259,Liberal,45456
47002,Cypress Hills--Grasslands,1595,31140,719,3666,1075,0,220,1,PC,38416
47003,Desnethé--Missinippi--Churchill River,7225,11531,543,7741,217,0,0,0,PC,27257
12002,Central Nova,20718,13201,3478,5806,938,0,149,180,Liberal,44470
59003,Burnaby South,10706,13914,2477,16956,645,0,0,308,NDP,45006
59017,Mission--Matsqui--Fraser Canyon,12299,19535,5019,8089,1055,0,0,70,PC,46067
24003,Ahuntsic-Cartierville,28904,4013,3352,6284,584,11974,0,0,Liberal,55111
24017,Brossard--Saint-Lambert,30537,6112,2935,5410,527,11131,0,1,Liberal,56653
35085,Pickering--Uxbridge,32387,18462,3799,7582,1265,0,0,2,Liberal,63497
35091,Sarnia--Lambton,12041,28623,2490,12644,1587,0,0,531,PC,57916
35046,Kitchener--Conestoga,20480,20115,4946,5204,790,0,0,1,Liberal,51536
35052,London North Centre,27247,15066,4872,14887,1532,0,0,137,Liberal,63741
10007,St. John's South--Mount Pearl,20793,7767,740,10890,335,0,0,150,Liberal,40675
10005,Long Range Mountains,18199,10873,1334,7609,0,0,0,411,Liberal,38426
35078,Ottawa--Vanier,32679,11118,4796,13516,1064,0,305,405,Liberal,63883
35044,Kingston and the Islands,31205,13304,6059,15856,1769,0,0,1,Liberal,68194
35050,Leeds--Grenville--Thousand Islands and Rideau Lakes,15482,28630,5152,8201,988,0,0,1,PC,58454
35087,Richmond Hill,21804,21592,1695,4425,507,0,0,129,Liberal,50152
35093,Scarborough--Agincourt,21115,15492,1050,3636,521,0,0,7,Liberal,41821
24001,Abitibi--Baie-James--Nunavik--Eeyou,8963,5240,1151,4104,379,11432,0,387,Bloc,31656
24015,Bourassa,23231,2899,1343,3204,347,9043,212,80,Liberal,40359
35118,York Centre,21680,15852,1403,4251,0,0,0,3,Liberal,43189
24029,Honoré-Mercier,29543,4808,1373,4130,459,9979,0,73,Liberal,50365
59001,Abbotsford,10560,25162,3702,8257,985,0,0,271,PC,48937
59015,Kootenay--Columbia,6151,30168,6145,23149,1378,0,0,339,PC,67330
59029,South Okanagan--West Kootenay,11705,24013,5672,24809,1638,0,359,2,NDP,68198
47001,Battlefords--Lloydminster,2426,28030,605,4098,662,0,0,0,PC,35821
47014,Yorkton--Melville,2488,29523,1070,4747,941,0,0,1,PC,38770
12001,Cape Breton--Canso,16694,14821,3321,6354,925,0,685,146,Liberal,42946
59028,Skeena--Bulkley Valley,4793,13756,3280,16944,940,0,321,1354,NDP,41388
59014,Kelowna--Lake Country,22627,31497,5171,8381,1225,0,219,0,PC,69120
24028,Hochelaga,18008,2381,2618,11451,377,17680,0,523,Liberal,53038
35119,York--Simcoe,14407,24918,4650,7620,875,0,0,1312,PC,53782
24014,Pierre-Boucher--Les Patriotes--Verchères,17333,4910,2955,4192,384,31009,0,8,Bloc,60791
35092,Sault Ste. Marie,16284,13407,1809,9459,741,0,0,0,Liberal,41700
35086,Renfrew--Nipissing--Pembroke,11532,31080,3230,8786,1463,0,2242,625,PC,58958
35051,London--Fanshawe,14924,13770,2781,22671,1132,0,297,4,NDP,55579
35045,Kitchener Centre,20316,13191,14394,6238,1033,0,0,202,Liberal,55374
35079,Ottawa West--Nepean,28378,16876,3894,11646,839,0,0,575,Liberal,62208
10004,Labrador,4851,3548,224,2796,0,0,0,4,Liberal,11423
35041,Kanata--Carleton,28746,24361,4387,8317,961,0,0,1,Liberal,66773
35055,Markham--Thornhill,23899,15319,1247,3233,357,0,276,5,Liberal,44336
35069,Nickel Belt,19046,10343,2644,15656,1159,0,0,0,Liberal,48848
35082,Parry Sound--Muskoka,16615,22845,8409,6417,0,0,377,3,PC,54666
35096,Scarborough North,20911,11838,796,5039,370,0,0,84,Liberal,39038
24038,Laurentides--Labelle,21655,4983,3157,4122,418,30625,174,274,Bloc,65408
35121,Humber River--Black Creek,23187,6164,804,7198,402,0,0,205,Liberal,37960
24004,Alfred-Pellan,26015,5917,1958,4109,471,15549,113,179,Liberal,54311
35109,Toronto--Danforth,27681,6091,3761,19283,621,0,210,412,Liberal,58059
24010,Bellechasse--Les Etchemins--Lévis,10734,32283,1925,3256,1307,14754,0,190,PC,64449
59038,Vancouver Kingsway,10194,8804,2675,21680,427,0,0,383,NDP,44163
59004,Cariboo--Prince George,10932,28848,4998,8440,1206,0,350,1,PC,54775
59010,Cowichan--Malahat--Langford,10301,16959,13181,23519,1066,0,0,203,NDP,65229
47004,Carlton Trail--Eagle Creek,2085,35313,873,5535,799,0,344,1,PC,44950
47010,Saskatoon--Grasswood,8419,26336,1320,12672,692,0,0,1,PC,49440
12011,West Nova,17025,18390,5939,5010,0,0,0,434,PC,46798
12005,Halifax,23681,6456,8013,16747,633,0,0,222,Liberal,55752
12004,Dartmouth--Cole Harbour,24259,8638,5280,14435,887,0,0,2,Liberal,53501
12010,Sydney--Victoria,12536,11227,2249,8146,0,0,6159,249,Liberal,40566
47011,Saskatoon--University,6146,24514,1401,13994,667,0,0,306,PC,47028
47005,Moose Jaw--Lake Centre--Lanigan,2517,31993,1201,7660,1613,0,0,0,PC,44984
61001,Northwest Territories,6467,4157,1731,3640,296,0,0,1,Liberal,16292
59011,Delta,22257,17809,3387,8792,948,0,783,1,Liberal,53977
59005,Central Okanagan--Similkameen--Nicola,16252,31135,5086,10904,1345,0,0,214,PC,64936
59039,Vancouver Quadra,22093,14082,6308,7681,428,0,162,2,Liberal,50756
24011,Beloeil--Chambly,16059,4305,3255,10086,512,35068,0,207,Bloc,69492
35108,Toronto Centre,31271,6613,3852,12142,0,0,126,511,Liberal,54515
24005,Argenteuil--La Petite-Nation,18896,6044,2411,3758,721,18167,0,3,Liberal,50000
35120,York South--Weston,25976,8415,1633,7754,685,0,0,0,Liberal,44463
24039,Laurier--Sainte-Marie,22306,1502,3225,13453,320,12188,42,374,Liberal,53410
35097,Scarborough--Rouge Park,31360,10115,2330,5801,467,0,0,353,Liberal,50426
35083,Perth--Wellington,15002,25622,4949,8094,894,0,0,735,PC,55296
35068,Niagara West,17429,24447,3620,6540,869,0,0,1020,PC,53925
35054,Markham--Stouffville,25055,19703,1621,4132,537,0,13340,1,Liberal,64389
35040,Huron--Bruce,20167,29512,2665,7421,1102,0,0,4,PC,60871
10001,Avalon,19122,12855,2215,7142,0,0,0,0,Liberal,41334
10003,Coast of Bays--Central--Notre Dame,16514,12081,1363,4224,0,0,0,5,Liberal,34187
35056,Markham--Unionville,20484,26133,2394,3524,861,0,0,2,PC,53398
35042,Kenora,8335,9445,1526,7923,388,0,170,42,PC,27829
35095,Scarborough--Guildwood,26123,9553,1220,4806,648,0,252,141,Liberal,42743
35081,Parkdale--High Park,28852,8015,3916,19180,643,0,0,284,Liberal,60890
24013,Thérèse-De Blainville,20988,5264,2710,4431,366,24486,89,218,Bloc,58552
24007,Beauce,6971,22860,1461,1847,16796,8410,0,1085,PC,59430
59013,Kamloops--Thompson--Cariboo,19716,32415,8789,9936,1132,0,0,466,PC,72454
59007,Cloverdale--Langley City,19542,20936,3572,10508,930,0,0,7,PC,55495
47013,Souris--Moose Mountain,1718,35067,681,3214,702,0,0,168,PC,41550
47007,Regina--Lewvan,6826,27088,2099,14767,573,0,201,61,PC,51615
12006,Halifax West,26885,10488,6555,10429,0,0,0,0,Liberal,54357
12007,Kings--Hants,20806,11905,6029,8254,786,0,0,256,Liberal,48036
47006,Prince Albert,4107,26891,839,6925,778,0,0,171,PC,39711
47012,Saskatoon West,2863,18597,1042,15708,775,0,0,1,PC,38986
59006,Chilliwack--Hope,10848,26672,5243,8957,1760,0,0,276,PC,53756
59012,Fleetwood--Port Kells,18401,16518,2360,10533,1093,0,0,0,Liberal,48905
24006,Avignon--La Mitis--Matane--Matapédia,12188,2756,699,1435,210,18500,0,186,Bloc,35974
24012,Berthier--Maskinongé,7796,5812,1008,19698,428,21200,154,263,Bloc,56359
35080,Oxford,11745,29310,4770,12306,1774,0,0,986,PC,60891
35094,Scarborough Centre,25695,10387,1336,5452,1162,0,2524,0,Liberal,46556
35043,King--Vaughan,28725,27584,2511,4297,731,0,0,0,Liberal,63848
35057,Milton,30882,21564,2769,3851,613,0,0,1,Liberal,59680
10002,Bonavista--Burin--Trinity,14707,12697,920,3855,0,0,0,4,Liberal,32183
